"BUS_LIC_NO","REMARKS","InspectionType","INSPECTOR","SCHEDULED_DATE","SCHEDULED_TIME","COMPLETED_DATE","COMPLETED_TIME","DURATION","RESULT","NOTES","LOCKID","RECORDID","DURATION_EST","CREATED_DATE","CREATED_TIME","CREATED_BY","SEQID","CAPOVERRIDE","update_originator_id","update_timestamp","create_timestamp","exID","PathURL","PathURLDateAdded","insert_originator_id"
"11432","","FIRE LIFE SAFETY","PT","","","","","","","","","SC:1105200428033040","","2011-05-20 00:00:00","16:28","SC","","","0","000000000184CCD7","25480387","","","",""
"687","","FIRE LIFESAFETY","","","","","","","","","","YOLO:110201143608100","","","","","","","","000000000026CA30","","","","",""
"3278","","FIRE LIFESAFETY","","","","","","","","","","YOLO:1102011436081000","","","","","","","","000000000026CA31","","","","",""
"3282","","FIRE LIFESAFETY","","","","","","","","","","YOLO:1102011436081006","","","","","","","","000000000026CA37","","","","",""
"3294","","FIRE LIFESAFETY","","","","","","","","","","YOLO:1102011436081019","","","","","","","","000000000026CA45","","","","",""
"2922","","FIRE LIFESAFETY","","","","","","","","","","YOLO:110201143608103","","","","","","","","000000000026CA51","","","","",""
"3323","","FIRE LIFESAFETY","","","","","","","","","","YOLO:1102011436081047","","","","","","","","000000000026CA64","","","","",""
"3326","","FIRE LIFESAFETY","","","","","","","","","","YOLO:1102011436081051","","","","","","","","000000000026CA69","","","","",""
"3327","","FIRE LIFESAFETY","","","","","","","","","","YOLO:1102011436081052","","","","","","","","000000000026CA6A","","","","",""
"3340","","FIRE LIFESAFETY","","","","","","","","","","YOLO:1102011436081065","","","","","","","","000000000026CA78","","","","",""
"3374","","FIRE LIFESAFETY","","","","","","","","","","YOLO:1102011436081099","","","","","","","","000000000026CA9D","","","","",""
"3383","","FIRE LIFESAFETY","","","","","","","","","","YOLO:1102011436081108","","","","","","","","000000000026CAA8","","","","",""
"1613","","FIRE LIFESAFETY","","","","","","","","","","YOLO:110201143608111","","","","","","","","000000000026CAAA","","","","",""
"3390","","FIRE LIFESAFETY","","","","","","","","","","YOLO:1102011436081114","","","","","","","","000000000026CAAF","","","","",""
"3391","","FIRE LIFESAFETY","","","","","","","","","","YOLO:1102011436081116","","","","","","","","000000000026CAB1","","","","",""
"3392","","FIRE LIFESAFETY","","","","","","","","","","YOLO:1102011436081117","","","","","","","","000000000026CAB2","","","","",""
"3403","","FIRE LIFESAFETY","","","","","","","","","","YOLO:1102011436081127","","","","","","","","000000000026CABD","","","","",""
"3404","","FIRE LIFESAFETY","","","","","","","","","","YOLO:1102011436081129","","","","","","","","000000000026CABF","","","","",""
"2875","","FIRE LIFESAFETY","","","","","","","","","","YOLO:110201143608114","","","","","","","","000000000026CACB","","","","",""
"3426","","FIRE LIFESAFETY","","","","","","","","","","YOLO:1102011436081151","","","","","","","","000000000026CAD8","","","","",""
"3447","","FIRE LIFESAFETY","","","","","","","","","","YOLO:1102011436081173","","","","","","","","000000000026CAF0","","","","",""
"3461","","FIRE LIFESAFETY","","","","","","","","","","YOLO:1102011436081187","","","","","","","","000000000026CAFF","","","","",""
"3472","","FIRE LIFESAFETY","","","","","","","","","","YOLO:1102011436081198","","","","","","","","000000000026CB0C","","","","",""
"3481","","FIRE LIFESAFETY","","","","","","","","","","YOLO:1102011436081207","","","","","","","","000000000026CB17","","","","",""
"3499","","FIRE LIFESAFETY","","","","","","","","","","YOLO:1102011436081226","","","","","","","","000000000026CB2C","","","","",""
"3505","","FIRE LIFESAFETY","","","","","","","","","","YOLO:1102011436081229","","","","","","","","000000000026CB2F","","","","",""
"3508","","FIRE LIFESAFETY","","","","","","","","","","YOLO:1102011436081233","","","","","","","","000000000026CB34","","","","",""
"3516","","FIRE LIFESAFETY","","","","","","","","","","YOLO:1102011436081249","","","","","","","","000000000026CB45","","","","",""
"2236","","FIRE LIFESAFETY","","","","","","","","","","YOLO:110201143608126","","","","","","","","000000000026CB51","","","","",""
"3535","","FIRE LIFESAFETY","","","","","","","","","","YOLO:1102011436081260","","","","","","","","000000000026CB52","","","","",""
"3542","","FIRE LIFESAFETY","","","","","","","","","","YOLO:1102011436081268","","","","","","","","000000000026CB5A","","","","",""
"3561","","FIRE LIFESAFETY","","","","","","","","","","YOLO:1102011436081287","","","","","","","","000000000026CB6F","","","","",""
"3564","","FIRE LIFESAFETY","","","","","","","","","","YOLO:1102011436081290","","","","","","","","000000000026CB73","","","","",""
"3570","","FIRE LIFESAFETY","","","","","","","","","","YOLO:1102011436081295","","","","","","","","000000000026CB78","","","","",""
"3600","","FIRE LIFESAFETY","","","","","","","","","","YOLO:1102011436081326","","","","","","","","000000000026CB9B","","","","",""
"3621","","FIRE LIFESAFETY","","","","","","","","","","YOLO:1102011436081347","","","","","","","","000000000026CBB2","","","","",""
"3622","","FIRE LIFESAFETY","","","","","","","","","","YOLO:1102011436081348","","","","","","","","000000000026CBB3","","","","",""
"3626","","FIRE LIFESAFETY","","","","","","","","","","YOLO:1102011436081352","","","","","","","","000000000026CBB8","","","","",""
"3633","","FIRE LIFESAFETY","","","","","","","","","","YOLO:1102011436081357","","","","","","","","000000000026CBBD","","","","",""
"3643","","FIRE LIFESAFETY","","","","","","","","","","YOLO:1102011436081367","","","","","","","","000000000026CBC8","","","","",""
"3645","","FIRE LIFESAFETY","","","","","","","","","","YOLO:1102011436081370","","","","","","","","000000000026CBCC","","","","",""
"3656","","FIRE LIFESAFETY","","","","","","","","","","YOLO:1102011436081380","","","","","","","","000000000026CBD7","","","","",""
"3661","","FIRE LIFESAFETY","","","","","","","","","","YOLO:1102011436081384","","","","","","","","000000000026CBDB","","","","",""
"3654","","FIRE LIFESAFETY","","","","","","","","","","YOLO:1102011436081385","","","","","","","","000000000026CBDC","","","","",""
"3666","","FIRE LIFESAFETY","","","","","","","","","","YOLO:1102011436081390","","","","","","","","000000000026CBE2","","","","",""
"3670","","FIRE LIFESAFETY","","","","","","","","","","YOLO:1102011436081395","","","","","","","","000000000026CBE7","","","","",""
"3684","","FIRE LIFESAFETY","","","","","","","","","","YOLO:1102011436081408","","","","","","","","000000000026CBF6","","","","",""
"1458","","FIRE LIFESAFETY","","","","","","","","","","YOLO:110201143608142","","","","","","","","000000000026CC04","","","","",""
"3706","","FIRE LIFESAFETY","","","","","","","","","","YOLO:1102011436081430","","","","","","","","000000000026CC10","","","","",""
"3714","","FIRE LIFESAFETY","","","","","","","","","","YOLO:1102011436081443","","","","","","","","000000000026CC1E","","","","",""
"3726","","FIRE LIFESAFETY","","","","","","","","","","YOLO:1102011436081450","","","","","","","","000000000026CC26","","","","",""
"3734","","FIRE LIFESAFETY","","","","","","","","","","YOLO:1102011436081459","","","","","","","","000000000026CC2F","","","","",""
"3739","","FIRE LIFESAFETY","","","","","","","","","","YOLO:1102011436081465","","","","","","","","000000000026CC36","","","","",""
"3746","","FIRE LIFESAFETY","","","","","","","","","","YOLO:1102011436081472","","","","","","","","000000000026CC3E","","","","",""
"3757","","FIRE LIFESAFETY","","","","","","","","","","YOLO:1102011436081482","","","","","","","","000000000026CC49","","","","",""
"3760","","FIRE LIFESAFETY","","","","","","","","","","YOLO:1102011436081485","","","","","","","","000000000026CC4C","","","","",""
"3761","","FIRE LIFESAFETY","","","","","","","","","","YOLO:1102011436081486","","","","","","","","000000000026CC4D","","","","",""
"3782","","FIRE LIFESAFETY","","","","","","","","","","YOLO:1102011436081507","","","","","","","","000000000026CC65","","","","",""
"1241","","FIRE LIFESAFETY","","","","","","","","","","YOLO:110201143608151","","","","","","","","000000000026CC68","","","","",""
"3789","","FIRE LIFESAFETY","","","","","","","","","","YOLO:1102011436081513","","","","","","","","000000000026CC6C","","","","",""
"3788","","FIRE LIFESAFETY","","","","","","","","","","YOLO:1102011436081514","","","","","","","","000000000026CC6D","","","","",""
"3796","","FIRE LIFESAFETY","","","","","","","","","","YOLO:1102011436081520","","","","","","","","000000000026CC74","","","","",""
"3832","","FIRE LIFESAFETY","","","","","","","","","","YOLO:1102011436081554","","","","","","","","000000000026CC99","","","","",""
"3867","","FIRE LIFESAFETY","","","","","","","","","","YOLO:1102011436081591","","","","","","","","000000000026CCC2","","","","",""
"3881","","FIRE LIFESAFETY","","","","","","","","","","YOLO:1102011436081605","","","","","","","","000000000026CCD2","","","","",""
"3885","","FIRE LIFESAFETY","","","","","","","","","","YOLO:1102011436081609","","","","","","","","000000000026CCD6","","","","",""
"3887","","FIRE LIFESAFETY","","","","","","","","","","YOLO:1102011436081611","","","","","","","","000000000026CCD9","","","","",""
"3893","","FIRE LIFESAFETY","","","","","","","","","","YOLO:1102011436081616","","","","","","","","000000000026CCDE","","","","",""
"3933","","FIRE LIFESAFETY","","","","","","","","","","YOLO:1102011436081657","","","","","","","","000000000026CD0C","","","","",""
"3942","","FIRE LIFESAFETY","","","","","","","","","","YOLO:1102011436081665","","","","","","","","000000000026CD15","","","","",""
"3943","","FIRE LIFESAFETY","","","","","","","","","","YOLO:1102011436081667","","","","","","","","000000000026CD17","","","","",""
"3988","","FIRE LIFESAFETY","","","","","","","","","","YOLO:1102011436081712","","","","","","","","000000000026CD4A","","","","",""
"4025","","FIRE LIFESAFETY","","","","","","","","","","YOLO:1102011436081748","","","","","","","","000000000026CD71","","","","",""
"4034","","FIRE LIFESAFETY","","","","","","","","","","YOLO:1102011436081757","","","","","","","","000000000026CD7B","","","","",""
"1053","","FIRE LIFESAFETY","","","","","","","","","","YOLO:110201143608176","","","","","","","","000000000026CD7E","","","","",""
"4037","","FIRE LIFESAFETY","","","","","","","","","","YOLO:1102011436081760","","","","","","","","000000000026CD7F","","","","",""
"4041","","FIRE LIFESAFETY","","","","","","","","","","YOLO:1102011436081763","","","","","","","","000000000026CD82","","","","",""
"4040","","FIRE LIFESAFETY","","","","","","","","","","YOLO:1102011436081766","","","","","","","","000000000026CD85","","","","",""
"4048","","FIRE LIFESAFETY","","","","","","","","","","YOLO:1102011436081770","","","","","","","","000000000026CD8A","","","","",""
"4079","","FIRE LIFESAFETY","","","","","","","","","","YOLO:1102011436081801","","","","","","","","000000000026CDAD","","","","",""
"4084","","FIRE LIFESAFETY","","","","","","","","","","YOLO:1102011436081804","","","","","","","","000000000026CDB0","","","","",""
"4099","","FIRE LIFESAFETY","","","","","","","","","","YOLO:1102011436081819","","","","","","","","000000000026CDC0","","","","",""
"559","","FIRE LIFESAFETY","","","","","","","","","","YOLO:110201143608185","","","","","","","","000000000026CDE2","","","","",""
"4136","","FIRE LIFESAFETY","","","","","","","","","","YOLO:1102011436081852","","","","","","","","000000000026CDE5","","","","",""
"4143","","FIRE LIFESAFETY","","","","","","","","","","YOLO:1102011436081859","","","","","","","","000000000026CDEC","","","","",""
"4104","","FIRE LIFESAFETY","","","","","","","","","","YOLO:1102011436081870","","","","","","","","000000000026CDF9","","","","",""
"4161","","FIRE LIFESAFETY","","","","","","","","","","YOLO:1102011436081877","","","","","","","","000000000026CE01","","","","",""
"4163","","FIRE LIFESAFETY","","","","","","","","","","YOLO:1102011436081879","","","","","","","","000000000026CE03","","","","",""
"1102","","FIRE LIFESAFETY","","","","","","","","","","YOLO:110201143608191","","","","","","","","000000000026CE26","","","","",""
"4197","","FIRE LIFESAFETY","","","","","","","","","","YOLO:1102011436081913","","","","","","","","000000000026CE2A","","","","",""
"1788","","FIRE LIFESAFETY","","","","","","","","","","YOLO:1102011436081920","","","","","","","","000000000026CE32","","","","",""
"1875","","FIRE LIFESAFETY","","","","","","","","","","YOLO:110201143608193","","","","","","","","000000000026CE3C","","","","",""
"1553","","FIRE LIFESAFETY","","","","","","","","","","YOLO:1102011436081939","","","","","","","","000000000026CE46","","","","",""
"1179","","FIRE LIFESAFETY","","","","","","","","","","YOLO:1102011436081948","","","","","","","","000000000026CE50","","","","",""
"1320","","FIRE LIFESAFETY","","","","","","","","","","YOLO:110201143608195","","","","","","","","000000000026CE52","","","","",""
"2100","","FIRE LIFESAFETY","","","","","","","","","","YOLO:110201143608197","","","","","","","","000000000026CE68","","","","",""
"2906","","FIRE LIFESAFETY","","","","","","","","","","YOLO:1102011436081971","","","","","","","","000000000026CE6A","","","","",""
"2422","","FIRE LIFESAFETY","","","","","","","","","","YOLO:1102011436081973","","","","","","","","000000000026CE6C","","","","",""
"2017","","FIRE LIFESAFETY","","","","","","","","","","YOLO:1102011436081993","","","","","","","","000000000026CE82","","","","",""
"10001","","FIRE LIFESAFETY","","","","","","","","","","YOLO:1102011436082014","","","","","","","","000000000026CE9B","","","","",""
"10011","","FIRE LIFESAFETY","","","","2011-02-01 00:00:00","","","","","","YOLO:1102011436082024","","2011-02-01 00:00:00","","","","","","000000000026CEA6","","","","",""
"10013","","FIRE LIFESAFETY","","","","","","","","","","YOLO:1102011436082025","","","","","","","","000000000026CEA7","","","","",""
"10018","","FIRE LIFESAFETY","","","","","","","","","","YOLO:1102011436082030","","","","","","","","000000000026CEAD","","","","",""
"10024","","FIRE LIFESAFETY","","","","2011-02-01 00:00:00","","","","","","YOLO:1102011436082035","","2011-02-01 00:00:00","","","","","","000000000026CEB2","","","","",""
"10046","","FIRE LIFESAFETY","","","","2011-02-01 00:00:00","","","","","","YOLO:1102011436082057","","2011-02-01 00:00:00","","","","","","000000000026CECA","","","","",""
"10048","","FIRE LIFESAFETY","","","","","","","","","","YOLO:1102011436082059","","","","","","","","000000000026CECC","","","","",""
"10053","","FIRE LIFESAFETY","","","","","","","","","","YOLO:1102011436082064","","","","","","","","000000000026CED2","","","","",""
"1312","","FIRE LIFESAFETY","","","","","","","","","","YOLO:110201143608209","","","","","","","","000000000026CEEE","","","","",""
"10081","","FIRE LIFESAFETY","","","","","","","","","","YOLO:1102011436082092","","","","","","","","000000000026CEF1","","","","",""
"2273","","FIRE LIFESAFETY","","","","","","","","","","YOLO:11020114360821","","","","","","","","000000000026CEF9","","","","",""
"10091","","FIRE LIFESAFETY","","","","","","","","","","YOLO:1102011436082102","","","","","","","","000000000026CEFD","","","","",""
"10096","","FIRE LIFESAFETY","","","","2011-02-01 00:00:00","","","","","","YOLO:1102011436082107","","2011-02-01 00:00:00","","","","","","000000000026CF03","","","","",""
"10099","","FIRE LIFESAFETY","","","","","","","","","","YOLO:1102011436082110","","","","","","","","000000000026CF07","","","","",""
"10121","","FIRE LIFESAFETY","","","","","","","","","","YOLO:1102011436082132","","","","","","","","000000000026CF1F","","","","",""
"10163","","FIRE LIFESAFETY","","","","","","","","","","YOLO:1102011436082174","","","","","","","","000000000026CF4D","","","","",""
"10168","","FIRE LIFESAFETY","","","","","","","","","","YOLO:1102011436082179","","","","","","","","000000000026CF52","","","","",""
"10177","","FIRE LIFESAFETY","","","","","","","","","","YOLO:1102011436082188","","","","","","","","000000000026CF5C","","","","",""
"10185","","FIRE LIFESAFETY","","","","","","","","","","YOLO:1102011436082196","","","","","","","","000000000026CF65","","","","",""
"10198","","FIRE LIFESAFETY","","","","","","","","","","YOLO:1102011436082209","","","","","","","","000000000026CF74","","","","",""
"10206","","FIRE LIFESAFETY","","","","2011-02-01 00:00:00","","","","","","YOLO:1102011436082217","","2011-02-01 00:00:00","","","","","","000000000026CF7D","","","","",""
"10226","","FIRE LIFESAFETY","","","","","","","","","","YOLO:1102011436082237","","","","","","","","000000000026CF93","","","","",""
"10257","","FIRE LIFESAFETY","","","","","","","","","","YOLO:1102011436082267","","","","","","","","000000000026CFB4","","","","",""
"1561","","FIRE LIFESAFETY","","","","","","","","","","YOLO:110201143608227","","","","","","","","000000000026CFB7","","","","",""
"651","","FIRE LIFESAFETY","","","","","","","","","","YOLO:110201143608228","","","","","","","","000000000026CFC2","","","","",""
"10273","","FIRE LIFESAFETY","","","","","","","","","","YOLO:1102011436082283","","","","","","","","000000000026CFC6","","","","",""
"10283","","FIRE LIFESAFETY","","","","","","","","","","YOLO:1102011436082292","","","","","","","","000000000026CFD0","","","","",""
"10328","","FIRE LIFESAFETY","","","","","","","","","","YOLO:1102011436082337","","","","","","","","000000000026D003","","","","",""
"10337","","FIRE LIFESAFETY","","","","","","","","","","YOLO:1102011436082346","","","","","","","","000000000026D00D","","","","",""
"10339","","FIRE LIFESAFETY","","","","","","","","","","YOLO:1102011436082348","","","","","","","","000000000026D00F","","","","",""
"1518","","FIRE LIFESAFETY","","","","","","","","","","YOLO:110201143608236","","","","","","","","000000000026D01C","","","","",""
"10366","","FIRE LIFESAFETY","","","","","","","","","","YOLO:1102011436082373","","","","","","","","000000000026D02B","","","","",""
"10374","","FIRE LIFESAFETY","","","","","","","","","","YOLO:1102011436082381","","","","","","","","000000000026D034","","","","",""
"10376","","FIRE LIFESAFETY","","","","","","","","","","YOLO:1102011436082383","","","","","","","","000000000026D036","","","","",""
"10382","","FIRE LIFESAFETY","","","","","","","","","","YOLO:1102011436082389","","","","","","","","000000000026D03C","","","","",""
"216","","FIRE LIFESAFETY","","","","","","","","","","YOLO:110201143608239","","","","","","","","000000000026D03D","","","","",""
"10386","","FIRE LIFESAFETY","","","","","","","","","","YOLO:1102011436082393","","","","","","","","000000000026D041","","","","",""
"10388","","FIRE LIFESAFETY","","","","","","","","","","YOLO:1102011436082395","","","","","","","","000000000026D043","","","","",""
"10389","","FIRE LIFESAFETY","","","","","","","","","","YOLO:1102011436082396","","","","","","","","000000000026D044","","","","",""
"10394","","FIRE LIFESAFETY","","","","","","","","","","YOLO:1102011436082401","","","","","","","","000000000026D04B","","","","",""
"10404","","FIRE LIFESAFETY","","","","","","","","","","YOLO:1102011436082411","","","","","","","","000000000026D056","","","","",""
"10430","","FIRE LIFESAFETY","","","","2011-02-01 00:00:00","","","","","","YOLO:1102011436082437","","2011-02-01 00:00:00","","","","","","000000000026D072","","","","",""
"10433","","FIRE LIFESAFETY","","","","","","","","","","YOLO:1102011436082440","","","","","","","","000000000026D076","","","","",""
"10440","","FIRE LIFESAFETY","","","","","","","","","","YOLO:1102011436082447","","","","","","","","000000000026D07D","","","","",""
"10447","","FIRE LIFESAFETY","","","","","","","","","","YOLO:1102011436082454","","","","","","","","000000000026D085","","","","",""
"10466","","FIRE LIFESAFETY","","","","","","","","","","YOLO:1102011436082472","","","","","","","","000000000026D099","","","","",""
"10477","","FIRE LIFESAFETY","","","","","","","","","","YOLO:1102011436082483","","","","","","","","000000000026D0A5","","","","",""
"1027","","FIRE LIFESAFETY","","","","","","","","","","YOLO:110201143608249","","","","","","","","000000000026D0AC","","","","",""
"745","","FIRE LIFESAFETY","","","","","","","","","","YOLO:11020114360825","","","","","","","","000000000026D0B7","","","","",""
"1026","","FIRE LIFESAFETY","","","","","","","","","","YOLO:110201143608252","","","","","","","","000000000026D0CE","","","","",""
"10516","","FIRE LIFESAFETY","","","","","","","","","","YOLO:1102011436082521","","","","","","","","000000000026D0D0","","","","",""
"10519","","FIRE LIFESAFETY","","","","","","","","","","YOLO:1102011436082524","","","","","","","","000000000026D0D3","","","","",""
"1071","","FIRE LIFESAFETY","","","","","","","","","","YOLO:110201143608255","","","","","","","","000000000026D0EF","","","","",""
"10558","","FIRE LIFESAFETY","","","","2011-02-01 00:00:00","","","","","","YOLO:1102011436082562","","2011-02-01 00:00:00","","","","","","000000000026D0FD","","","","",""
"10576","","FIRE LIFESAFETY","","","","","","","","","","YOLO:1102011436082580","","","","","","","","000000000026D112","","","","",""
"10585","","FIRE LIFESAFETY","","","","","","","","","","YOLO:1102011436082589","","","","","","","","000000000026D11B","","","","",""
"10587","","FIRE LIFESAFETY","","","","","","","","","","YOLO:1102011436082591","","","","","","","","000000000026D11E","","","","",""
"10592","","FIRE LIFESAFETY","","","","","","","","","","YOLO:1102011436082596","","","","","","","","000000000026D123","","","","",""
"10609","","FIRE LIFESAFETY","","","","","","","","","","YOLO:1102011436082613","","","","","","","","000000000026D137","","","","",""
"10610","","FIRE LIFESAFETY","","","","","","","","","","YOLO:1102011436082614","","","","","","","","000000000026D138","","","","",""
"10614","","FIRE LIFESAFETY","","","","","","","","","","YOLO:1102011436082618","","","","","","","","000000000026D13C","","","","",""
"10615","","FIRE LIFESAFETY","","","","","","","","","","YOLO:1102011436082619","","","","","","","","000000000026D13D","","","","",""
"2055","","FIRE LIFESAFETY","","","","","","","","","","YOLO:110201143608262","","","","","","","","000000000026D13E","","","","",""
"10619","","FIRE LIFESAFETY","","","","","","","","","","YOLO:1102011436082623","","","","","","","","000000000026D142","","","","",""
"10620","","FIRE LIFESAFETY","","","","","","","","","","YOLO:1102011436082624","","","","","","","","000000000026D143","","","","",""
"10622","","FIRE LIFESAFETY","","","","","","","","","","YOLO:1102011436082626","","","","","","","","000000000026D145","","","","",""
"10623","","FIRE LIFESAFETY","","","","","","","","","","YOLO:1102011436082627","","","","","","","","000000000026D146","","","","",""
"10626","","FIRE LIFESAFETY","","","","","","","","","","YOLO:1102011436082630","","","","","","","","000000000026D14A","","","","",""
"10632","","FIRE LIFESAFETY","","","","2011-02-01 00:00:00","","","","","","YOLO:1102011436082636","","2011-02-01 00:00:00","","","","","","000000000026D150","","","","",""
"10641","","FIRE LIFESAFETY","","","","","","","","","","YOLO:1102011436082644","","","","","","","","000000000026D159","","","","",""
"10667","","FIRE LIFESAFETY","","","","2011-02-01 00:00:00","","","","","","YOLO:1102011436082670","","2011-02-01 00:00:00","","","","","","000000000026D176","","","","",""
"10668","","FIRE LIFESAFETY","","","","","","","","","","YOLO:1102011436082671","","","","","","","","000000000026D177","","","","",""
"10678","","FIRE LIFESAFETY","","","","","","","","","","YOLO:1102011436082681","","","","","","","","000000000026D182","","","","",""
"10680","","FIRE LIFESAFETY","","","","","","","","","","YOLO:1102011436082683","","","","","","","","000000000026D184","","","","",""
"10683","","FIRE LIFESAFETY","","","","","","","","","","YOLO:1102011436082686","","","","","","","","000000000026D187","","","","",""
"10691","","FIRE LIFESAFETY","","","","","","","","","","YOLO:1102011436082694","","","","","","","","000000000026D190","","","","",""
"10698","","FIRE LIFESAFETY","","","","2011-02-01 00:00:00","","","","","","YOLO:1102011436082701","","2011-02-01 00:00:00","","","","","","000000000026D199","","","","",""
"10704","","FIRE LIFESAFETY","","","","2011-02-01 00:00:00","","","","","","YOLO:1102011436082707","","2011-02-01 00:00:00","","","","","","000000000026D19F","","","","",""
"10705","","FIRE LIFESAFETY","","","","2011-02-01 00:00:00","","","","","","YOLO:1102011436082708","","2011-02-01 00:00:00","","","","","","000000000026D1A0","","","","",""
"1860","","FIRE LIFESAFETY","","","","","","","","","","YOLO:110201143608272","","","","","","","","000000000026D1AD","","","","",""
"10727","","FIRE LIFESAFETY","","","","2011-02-01 00:00:00","","","","","","YOLO:1102011436082730","","2011-02-01 00:00:00","","","","","","000000000026D1B9","","","","",""
"10730","","FIRE LIFESAFETY","","","","","","","","","","YOLO:1102011436082733","","","","","","","","000000000026D1BC","","","","",""
"10736","","FIRE LIFESAFETY","","","","","","","","","","YOLO:1102011436082739","","","","","","","","000000000026D1C2","","","","",""
"2043","","FIRE LIFESAFETY","","","","","","","","","","YOLO:110201143608274","","","","","","","","000000000026D1C3","","","","",""
"10738","","FIRE LIFESAFETY","","","","","","","","","","YOLO:1102011436082741","","","","","","","","000000000026D1C5","","","","",""
"10748","","FIRE LIFESAFETY","","","","","","","","","","YOLO:1102011436082751","","","","","","","","000000000026D1D0","","","","",""
"10752","","FIRE LIFESAFETY","","","","2011-02-01 00:00:00","","","","","","YOLO:1102011436082755","","2011-02-01 00:00:00","","","","","","000000000026D1D4","","","","",""
"10753","","FIRE LIFESAFETY","","","","2011-02-01 00:00:00","","","","","","YOLO:1102011436082756","","2011-02-01 00:00:00","","","","","","000000000026D1D5","","","","",""
"10763","","FIRE LIFESAFETY","","","","2011-02-01 00:00:00","","","","","","YOLO:1102011436082766","","2011-02-01 00:00:00","","","","","","000000000026D1E0","","","","",""
"10776","","FIRE LIFESAFETY","","","","","","","","","","YOLO:1102011436082779","","","","","","","","000000000026D1EE","","","","",""
"10788","","FIRE LIFESAFETY","","","","","","","","","","YOLO:1102011436082791","","","","","","","","000000000026D1FC","","","","",""
"10790","","FIRE LIFESAFETY","","","","","","","","","","YOLO:1102011436082793","","","","","","","","000000000026D1FE","","","","",""
"960","","FIRE LIFESAFETY","","","","","","","","","","YOLO:11020114360828","","","","","","","","000000000026D206","","","","",""
"10797","","FIRE LIFESAFETY","","","","2011-02-01 00:00:00","","","","","","YOLO:1102011436082800","","2011-02-01 00:00:00","","","","","","000000000026D208","","","","",""
"10816","","FIRE LIFESAFETY","","","","","","","","","","YOLO:1102011436082819","","","","","","","","000000000026D21C","","","","",""
"10836","","FIRE LIFESAFETY","","","","","","","","","","YOLO:1102011436082839","","","","","","","","000000000026D232","","","","",""
"10837","","FIRE LIFESAFETY","","","","","","","","","","YOLO:1102011436082840","","","","","","","","000000000026D234","","","","",""
"10853","","FIRE LIFESAFETY","","","","","","","","","","YOLO:1102011436082856","","","","","","","","000000000026D245","","","","",""
"1835","","FIRE LIFESAFETY","","","","","","","","","","YOLO:110201143608287","","","","","","","","000000000026D254","","","","",""
"10867","","FIRE LIFESAFETY","","","","","","","","","","YOLO:1102011436082870","","","","","","","","000000000026D255","","","","",""
"10870","","FIRE LIFESAFETY","","","","","","","","","","YOLO:1102011436082873","","","","","","","","000000000026D258","","","","",""
"10872","","FIRE LIFESAFETY","","","","","","","","","","YOLO:1102011436082875","","","","","","","","000000000026D25A","","","","",""
"1475","","FIRE LIFESAFETY","","","","","","","","","","YOLO:110201143608289","","","","","","","","000000000026D26A","","","","",""
"10890","","FIRE LIFESAFETY","","","","","","","","","","YOLO:1102011436082893","","","","","","","","000000000026D26E","","","","",""
"10908","","FIRE LIFESAFETY","","","","","","","","","","YOLO:1102011436082911","","","","","","","","000000000026D283","","","","",""
"10920","","FIRE LIFESAFETY","","","","","","","","","","YOLO:1102011436082923","","","","","","","","000000000026D290","","","","",""
"10931","","FIRE LIFESAFETY","","","","","","","","","","YOLO:1102011436082934","","","","","","","","000000000026D29C","","","","",""
"10936","","FIRE LIFESAFETY","","","","2011-02-01 00:00:00","","","","","","YOLO:1102011436082939","","2011-02-01 00:00:00","","","","","","000000000026D2A1","","","","",""
"10941","","FIRE LIFESAFETY","","","","","","","","","","YOLO:1102011436082944","","","","","","","","000000000026D2A7","","","","",""
"10942","","FIRE LIFESAFETY","","","","","","","","","","YOLO:1102011436082945","","","","","","","","000000000026D2A8","","","","",""
"10945","","FIRE LIFESAFETY","","","","","","","","","","YOLO:1102011436082948","","","","","","","","000000000026D2AB","","","","",""
"10950","","FIRE LIFESAFETY","","","","","","","","","","YOLO:1102011436082953","","","","","","","","000000000026D2B1","","","","",""
"10952","","FIRE LIFESAFETY","","","","","","","","","","YOLO:1102011436082955","","","","","","","","000000000026D2B3","","","","",""
"10957","","FIRE LIFESAFETY","","","","","","","","","","YOLO:1102011436082960","","","","","","","","000000000026D2B9","","","","",""
"10958","","FIRE LIFESAFETY","","","","","","","","","","YOLO:1102011436082961","","","","","","","","000000000026D2BA","","","","",""
"10963","","FIRE LIFESAFETY","","","","2011-02-01 00:00:00","","","","","","YOLO:1102011436082966","","2011-02-01 00:00:00","","","","","","000000000026D2BF","","","","",""
"10972","","FIRE LIFESAFETY","","","","","","","","","","YOLO:1102011436082975","","","","","","","","000000000026D2C9","","","","",""
"10976","","FIRE LIFESAFETY","","","","","","","","","","YOLO:1102011436082979","","","","","","","","000000000026D2CD","","","","",""
"10981","","FIRE LIFESAFETY","","","","","","","","","","YOLO:1102011436082984","","","","","","","","000000000026D2D3","","","","",""
"10982","","FIRE LIFESAFETY","","","","","","","","","","YOLO:1102011436082985","","","","","","","","000000000026D2D4","","","","",""
"10990","","FIRE LIFESAFETY","","","","2011-02-01 00:00:00","","","","","","YOLO:1102011436082993","","2011-02-01 00:00:00","","","","","","000000000026D2DD","","","","",""
"10995","","FIRE LIFESAFETY","","","","2011-02-01 00:00:00","","","","","","YOLO:1102011436082998","","2011-02-01 00:00:00","","","","","","000000000026D2E2","","","","",""
"10996","","FIRE LIFESAFETY","","","","","","","","","","YOLO:1102011436082999","","","","","","","","000000000026D2E3","","","","",""
"11003","","FIRE LIFESAFETY","","","","2011-02-01 00:00:00","","","","","","YOLO:1102011436083006","","2011-02-01 00:00:00","","","","","","000000000026D2ED","","","","",""
"11005","","FIRE LIFESAFETY","","","","2011-02-01 00:00:00","","","","","","YOLO:1102011436083008","","2011-02-01 00:00:00","","","","","","000000000026D2EF","","","","",""
"11009","","FIRE LIFESAFETY","","","","","","","","","","YOLO:1102011436083012","","","","","","","","000000000026D2F4","","","","",""
"11012","","FIRE LIFESAFETY","","","","","","","","","","YOLO:1102011436083015","","","","","","","","000000000026D2F7","","","","",""
"11019","","FIRE LIFESAFETY","","","","","","","","","","YOLO:1102011436083022","","","","","","","","000000000026D2FF","","","","",""
"11025","","FIRE LIFESAFETY","","","","","","","","","","YOLO:1102011436083028","","","","","","","","000000000026D306","","","","",""
"11027","","FIRE LIFESAFETY","","","","","","","","","","YOLO:1102011436083030","","","","","","","","000000000026D309","","","","",""
"11030","","FIRE LIFESAFETY","","","","","","","","","","YOLO:1102011436083033","","","","","","","","000000000026D30C","","","","",""
"11034","","FIRE LIFESAFETY","","","","","","","","","","YOLO:1102011436083037","","","","","","","","000000000026D310","","","","",""
"11039","","FIRE LIFESAFETY","","","","","","","","","","YOLO:1102011436083042","","","","","","","","000000000026D316","","","","",""
"1380","","FIRE LIFESAFETY","","","","","","","","","","YOLO:110201143608306","","","","","","","","000000000026D329","","","","",""
"11071","","FIRE LIFESAFETY","","","","","","","","","","YOLO:1102011436083074","","","","","","","","000000000026D339","","","","",""
"11072","","FIRE LIFESAFETY","","","","","","","","","","YOLO:1102011436083075","","","","","","","","000000000026D33A","","","","",""
"11089","","FIRE LIFESAFETY","","","","","","","","","","YOLO:1102011436083091","","","","","","","","000000000026D34C","","","","",""
"11100","","FIRE LIFESAFETY","","","","","","","","","","YOLO:1102011436083102","","","","","","","","000000000026D359","","","","",""
"11101","","FIRE LIFESAFETY","","","","","","","","","","YOLO:1102011436083103","","","","","","","","000000000026D35A","","","","",""
"11103","","FIRE LIFESAFETY","","","","","","","","","","YOLO:1102011436083105","","","","","","","","000000000026D35C","","","","",""
"11108","","FIRE LIFESAFETY","","","","2011-02-01 00:00:00","","","","","","YOLO:1102011436083110","","2011-02-01 00:00:00","","","","","","000000000026D362","","","","",""
"11117","","FIRE LIFESAFETY","","","","","","","","","","YOLO:1102011436083119","","","","","","","","000000000026D36B","","","","",""
"11123","","FIRE LIFESAFETY","","","","","","","","","","YOLO:1102011436083125","","","","","","","","000000000026D372","","","","",""
"11127","","FIRE LIFESAFETY","","","","2011-02-01 00:00:00","","","","","","YOLO:1102011436083129","","2011-02-01 00:00:00","","","","","","000000000026D376","","","","",""
"999","","FIRE LIFESAFETY","","","","","","","","","","YOLO:110201143608313","","","","","","","","000000000026D377","","","","",""
"11138","","FIRE LIFESAFETY","","","","2011-02-01 00:00:00","","","","","","YOLO:1102011436083140","","2011-02-01 00:00:00","","","","","","000000000026D383","","","","",""
"11143","","FIRE LIFESAFETY","","","","2011-02-01 00:00:00","","","","","","YOLO:1102011436083145","","2011-02-01 00:00:00","","","","","","000000000026D388","","","","",""
"11147","","FIRE LIFESAFETY","","","","","","","","","","YOLO:1102011436083149","","","","","","","","000000000026D38C","","","","",""
"11148","","FIRE LIFESAFETY","","","","","","","","","","YOLO:1102011436083150","","","","","","","","000000000026D38E","","","","",""
"11156","","FIRE LIFESAFETY","","","","","","","","","","YOLO:1102011436083158","","","","","","","","000000000026D396","","","","",""
"11157","","FIRE LIFESAFETY","","","","","","","","","","YOLO:1102011436083159","","","","","","","","000000000026D397","","","","",""
"11158","","FIRE LIFESAFETY","","","","2011-02-01 00:00:00","","","","","","YOLO:1102011436083160","","2011-02-01 00:00:00","","","","","","000000000026D399","","","","",""
"11161","","FIRE LIFESAFETY","","","","","","","","","","YOLO:1102011436083163","","","","","","","","000000000026D39C","","","","",""
"11162","","FIRE LIFESAFETY","","","","","","","","","","YOLO:1102011436083164","","","","","","","","000000000026D39D","","","","",""
"11164","","FIRE LIFESAFETY","","","","","","","","","","YOLO:1102011436083166","","","","","","","","000000000026D39F","","","","",""
"11166","","FIRE LIFESAFETY","","","","","","","","","","YOLO:1102011436083168","","","","","","","","000000000026D3A1","","","","",""
"11172","","FIRE LIFESAFETY","","","","","","","","","","YOLO:1102011436083174","","","","","","","","000000000026D3A8","","","","",""
"11180","","FIRE LIFESAFETY","","","","","","","","","","YOLO:1102011436083182","","","","","","","","000000000026D3B1","","","","",""
"11183","","FIRE LIFESAFETY","","","","2011-02-01 00:00:00","","","","","","YOLO:1102011436083185","","2011-02-01 00:00:00","","","","","","000000000026D3B4","","","","",""
"11184","","FIRE LIFESAFETY","","","","","","","","","","YOLO:1102011436083186","","","","","","","","000000000026D3B5","","","","",""
"11186","","FIRE LIFESAFETY","","","","","","","","","","YOLO:1102011436083188","","","","","","","","000000000026D3B7","","","","",""
"11195","","FIRE LIFESAFETY","","","","2011-02-01 00:00:00","","","","","","YOLO:1102011436083197","","2011-02-01 00:00:00","","","","","","000000000026D3C1","","","","",""
"11209","","FIRE LIFESAFETY","","","","","","","","","","YOLO:1102011436083211","","","","","","","","000000000026D3D2","","","","",""
"11220","","FIRE LIFESAFETY","","","","","","","","","","YOLO:1102011436083222","","","","","","","","000000000026D3DE","","","","",""
"11248","","FIRE LIFESAFETY","","","","","","","","","","YOLO:1102011436083250","","","","","","","","000000000026D3FD","","","","",""
"11249","","FIRE LIFESAFETY","","","","","","","","","","YOLO:1102011436083251","","","","","","","","000000000026D3FE","","","","",""
"11264","","FIRE LIFESAFETY","","","","2011-02-01 00:00:00","","","","","","YOLO:1102011436083266","","2011-02-01 00:00:00","","","","","","000000000026D40F","","","","",""
"11267","","FIRE LIFESAFETY","","","","","","","","","","YOLO:1102011436083269","","","","","","","","000000000026D412","","","","",""
"11269","","FIRE LIFESAFETY","","","","","","","","","","YOLO:1102011436083271","","","","","","","","000000000026D415","","","","",""
"11270","","FIRE LIFESAFETY","","","","","","","","","","YOLO:1102011436083272","","","","","","","","000000000026D416","","","","",""
"11286","","FIRE LIFESAFETY","","","","","","","","","","YOLO:1102011436083288","","","","","","","","000000000026D427","","","","",""
"11287","","FIRE LIFESAFETY","","","","","","","","","","YOLO:1102011436083289","","","","","","","","000000000026D428","","","","",""
"11296","","FIRE LIFESAFETY","","","","","","","","","","YOLO:1102011436083298","","","","","","","","000000000026D432","","","","",""
"2075","","FIRE LIFESAFETY","","","","","","","","","","YOLO:11020114360833","","","","","","","","000000000026D434","","","","",""
"11298","","FIRE LIFESAFETY","","","","","","","","","","YOLO:1102011436083300","","","","","","","","000000000026D436","","","","",""
"11304","","FIRE LIFESAFETY","","","","","","","","","","YOLO:1102011436083306","","","","","","","","000000000026D43C","","","","",""
"1250","","FIRE LIFESAFETY","","","","","","","","","","YOLO:110201143608331","","","","","","","","000000000026D440","","","","",""
"11318","","FIRE LIFESAFETY","","","","2011-02-01 00:00:00","","","","","","YOLO:1102011436083320","","2011-02-01 00:00:00","","","","","","000000000026D44C","","","","",""
"11319","","FIRE LIFESAFETY","","","","","","","","","","YOLO:1102011436083321","","","","","","","","000000000026D44D","","","","",""
"11320","","FIRE LIFESAFETY","","","","2011-02-01 00:00:00","","","","","","YOLO:1102011436083322","","2011-02-01 00:00:00","","","","","","000000000026D44E","","","","",""
"11332","","FIRE LIFESAFETY","","","","","","","","","","YOLO:1102011436083333","","","","","","","","000000000026D45A","","","","",""
"11333","","FIRE LIFESAFETY","","","","","","","","","","YOLO:1102011436083334","","","","","","","","000000000026D45B","","","","",""
"11334","","FIRE LIFESAFETY","","","","","","","","","","YOLO:1102011436083335","","","","","","","","000000000026D45C","","","","",""
"11350","","FIRE LIFESAFETY","","","","","","","","","","YOLO:1102011436083351","","","","","","","","000000000026D46E","","","","",""
"2398","","FIRE LIFESAFETY","","","","","","","","","","YOLO:110201143608367","","","","","","","","000000000026D498","","","","",""
"1340","","FIRE LIFESAFETY","","","","","","","","","","YOLO:110201143608373","","","","","","","","000000000026D49F","","","","",""
"2417","","FIRE LIFESAFETY","","","","","","","","","","YOLO:110201143608379","","","","","","","","000000000026D4A5","","","","",""
"1116","","FIRE LIFESAFETY","","","","","","","","","","YOLO:110201143608381","","","","","","","","000000000026D4A8","","","","",""
"2403","","FIRE LIFESAFETY","","","","","","","","","","YOLO:110201143608384","","","","","","","","000000000026D4AB","","","","",""
"1120","","FIRE LIFESAFETY","","","","","","","","","","YOLO:110201143608388","","","","","","","","000000000026D4AF","","","","",""
"1680","","FIRE LIFESAFETY","","","","","","","","","","YOLO:110201143608393","","","","","","","","000000000026D4B5","","","","",""
"2390","","FIRE LIFESAFETY","","","","","","","","","","YOLO:11020114360840","","","","","","","","000000000026D4BD","","","","",""
"2205","","FIRE LIFESAFETY","","","","","","","","","","YOLO:110201143608414","","","","","","","","000000000026D4CD","","","","",""
"984","","FIRE LIFESAFETY","","","","","","","","","","YOLO:110201143608428","","","","","","","","000000000026D4DC","","","","",""
"3274","","FIRE LIFESAFETY","","","","","","","","","","YOLO:11020114360844","","","","","","","","000000000026D4E9","","","","",""
"1833","","FIRE LIFESAFETY","","","","","","","","","","YOLO:11020114360845","","","","","","","","000000000026D4F4","","","","",""
"2300","","FIRE LIFESAFETY","","","","","","","","","","YOLO:110201143608464","","","","","","","","000000000026D505","","","","",""
"1288","","FIRE LIFESAFETY","","","","","","","","","","YOLO:110201143608495","","","","","","","","000000000026D527","","","","",""
"2135","","FIRE LIFESAFETY","","","","","","","","","","YOLO:110201143608496","","","","","","","","000000000026D528","","","","",""
"1304","","FIRE LIFESAFETY","","","","","","","","","","YOLO:110201143608499","","","","","","","","000000000026D52B","","","","",""
"2890","","FIRE LIFESAFETY","","","","","","","","","","YOLO:110201143608504","","","","","","","","000000000026D532","","","","",""
"2176","","FIRE LIFESAFETY","","","","","","","","","","YOLO:110201143608505","","","","","","","","000000000026D533","","","","",""
"966","","FIRE LIFESAFETY","","","","","","","","","","YOLO:110201143608516","","","","","","","","000000000026D53F","","","","",""
"2342","","FIRE LIFESAFETY","","","","","","","","","","YOLO:110201143608532","","","","","","","","000000000026D551","","","","",""
"1412","","FIRE LIFESAFETY","","","","","","","","","","YOLO:110201143608535","","","","","","","","000000000026D554","","","","",""
"1767","","FIRE LIFESAFETY","","","","","","","","","","YOLO:110201143608539","","","","","","","","000000000026D558","","","","",""
"2411","","FIRE LIFESAFETY","","","","","","","","","","YOLO:110201143608543","","","","","","","","000000000026D55D","","","","",""
"971","","FIRE LIFESAFETY","","","","","","","","","","YOLO:110201143608545","","","","","","","","000000000026D55F","","","","",""
"1274","","FIRE LIFESAFETY","","","","","","","","","","YOLO:110201143608567","","","","","","","","000000000026D577","","","","",""
"1369","","FIRE LIFESAFETY","","","","","","","","","","YOLO:110201143608574","","","","","","","","000000000026D57F","","","","",""
"2461","","FIRE LIFESAFETY","","","","","","","","","","YOLO:110201143608582","","","","","","","","000000000026D588","","","","",""
"1410","","FIRE LIFESAFETY","","","","","","","","","","YOLO:110201143608583","","","","","","","","000000000026D589","","","","",""
"1342","","FIRE LIFESAFETY","","","","","","","","","","YOLO:110201143608599","","","","","","","","000000000026D59A","","","","",""
"1550","","FIRE LIFESAFETY","","","","","","","","","","YOLO:1102011436086","","","","","","","","000000000026D59B","","","","",""
"2325","","FIRE LIFESAFETY","","","","","","","","","","YOLO:110201143608602","","","","","","","","000000000026D59F","","","","",""
"1282","","FIRE LIFESAFETY","","","","","","","","","","YOLO:110201143608608","","","","","","","","000000000026D5A5","","","","",""
"1733","","FIRE LIFESAFETY","","","","","","","","","","YOLO:110201143608619","","","","","","","","000000000026D5B1","","","","",""
"2171","","FIRE LIFESAFETY","","","","","","","","","","YOLO:110201143608625","","","","","","","","000000000026D5B8","","","","",""
"4044","","FIRE LIFESAFETY","","","","","","","","","","YOLO:110201143608627","","","","","","","","000000000026D5BA","","","","",""
"4088","","FIRE LIFESAFETY","","","","","","","","","","YOLO:110201143608628","","","","","","","","000000000026D5BB","","","","",""
"1360","","FIRE LIFESAFETY","","","","","","","","","","YOLO:110201143608635","","","","","","","","000000000026D5C3","","","","",""
"1015","","FIRE LIFESAFETY","","","","","","","","","","YOLO:110201143608640","","","","","","","","000000000026D5C9","","","","",""
"1393","","FIRE LIFESAFETY","","","","","","","","","","YOLO:110201143608643","","","","","","","","000000000026D5CC","","","","",""
"2106","","FIRE LIFESAFETY","","","","","","","","","","YOLO:110201143608658","","","","","","","","000000000026D5DC","","","","",""
"1185","","FIRE LIFESAFETY","","","","","","","","","","YOLO:110201143608660","","","","","","","","000000000026D5DF","","","","",""
"1739","","FIRE LIFESAFETY","","","","","","","","","","YOLO:110201143608671","","","","","","","","000000000026D5EB","","","","",""
"1352","","FIRE LIFESAFETY","","","","","","","","","","YOLO:110201143608677","","","","","","","","000000000026D5F1","","","","",""
"2817","","FIRE LIFESAFETY","","","","","","","","","","YOLO:110201143608680","","","","","","","","000000000026D5F5","","","","",""
"1362","","FIRE LIFESAFETY","","","","","","","","","","YOLO:110201143608682","","","","","","","","000000000026D5F7","","","","",""
"2151","","FIRE LIFESAFETY","","","","","","","","","","YOLO:110201143608683","","","","","","","","000000000026D5F8","","","","",""
"1363","","FIRE LIFESAFETY","","","","","","","","","","YOLO:110201143608684","","","","","","","","000000000026D5F9","","","","",""
"1780","","FIRE LIFESAFETY","","","","","","","","","","YOLO:110201143608685","","","","","","","","000000000026D5FA","","","","",""
"2230","","FIRE LIFESAFETY","","","","","","","","","","YOLO:110201143608687","","","","","","","","000000000026D5FC","","","","",""
"1428","","FIRE LIFESAFETY","","","","","","","","","","YOLO:110201143608699","","","","","","","","000000000026D60A","","","","",""
"2094","","FIRE LIFESAFETY","","","","","","","","","","YOLO:110201143608741","","","","","","","","000000000026D63A","","","","",""
"200","","FIRE LIFESAFETY","","","","","","","","","","YOLO:110201143608745","","","","","","","","000000000026D63E","","","","",""
"3055","","FIRE LIFESAFETY","","","","","","","","","","YOLO:110201143608778","","","","","","","","000000000026D662","","","","",""
"3058","","FIRE LIFESAFETY","","","","","","","","","","YOLO:110201143608781","","","","","","","","000000000026D666","","","","",""
"3068","","FIRE LIFESAFETY","","","","","","","","","","YOLO:110201143608791","","","","","","","","000000000026D671","","","","",""
"3073","","FIRE LIFESAFETY","","","","","","","","","","YOLO:110201143608796","","","","","","","","000000000026D676","","","","",""
"3089","","FIRE LIFESAFETY","","","","","","","","","","YOLO:110201143608812","","","","","","","","000000000026D689","","","","",""
"3091","","FIRE LIFESAFETY","","","","","","","","","","YOLO:110201143608814","","","","","","","","000000000026D68B","","","","",""
"3094","","FIRE LIFESAFETY","","","","","","","","","","YOLO:110201143608817","","","","","","","","000000000026D68E","","","","",""
"3107","","FIRE LIFESAFETY","","","","","","","","","","YOLO:110201143608829","","","","","","","","000000000026D69B","","","","",""
"3119","","FIRE LIFESAFETY","","","","","","","","","","YOLO:110201143608841","","","","","","","","000000000026D6A9","","","","",""
"3124","","FIRE LIFESAFETY","","","","","","","","","","YOLO:110201143608847","","","","","","","","000000000026D6AF","","","","",""
"3157","","FIRE LIFESAFETY","","","","","","","","","","YOLO:110201143608878","","","","","","","","000000000026D6D1","","","","",""
"3158","","FIRE LIFESAFETY","","","","","","","","","","YOLO:110201143608879","","","","","","","","000000000026D6D2","","","","",""
"3159","","FIRE LIFESAFETY","","","","","","","","","","YOLO:110201143608880","","","","","","","","000000000026D6D4","","","","",""
"3213","","FIRE LIFESAFETY","","","","","","","","","","YOLO:110201143608938","","","","","","","","000000000026D715","","","","",""
"3223","","FIRE LIFESAFETY","","","","","","","","","","YOLO:110201143608948","","","","","","","","000000000026D720","","","","",""
"3226","","FIRE LIFESAFETY","","","","","","","","","","YOLO:110201143608951","","","","","","","","000000000026D724","","","","",""
"3231","","FIRE LIFESAFETY","","","","","","","","","","YOLO:110201143608956","","","","","","","","000000000026D729","","","","",""
"3234","","FIRE LIFESAFETY","","","","","","","","","","YOLO:110201143608957","","","","","","","","000000000026D72A","","","","",""
"3249","","FIRE LIFESAFETY","","","","","","","","","","YOLO:110201143608972","","","","","","","","000000000026D73B","","","","",""
"3259","","FIRE LIFESAFETY","","","","","","","","","","YOLO:110201143608982","","","","","","","","000000000026D746","","","","",""
"3260","","FIRE LIFESAFETY","","","","","","","","","","YOLO:110201143608983","","","","","","","","000000000026D747","","","","",""
"3261","","FIRE LIFESAFETY","","","","","","","","","","YOLO:110201143608984","","","","","","","","000000000026D748","","","","",""
"3269","","FIRE LIFESAFETY","","","","","","","","","","YOLO:110201143608991","","","","","","","","000000000026D750","","","","",""
